[
  {
    "id": "1731926921175240865",
    "type": "retweet",
    "date": "Tue Dec 05 06:42:10 +0000 2023",
    "text": "RT @patricebegay: L’#artisanat, c’est la tradition, l’#innovation, c’est la modernité. Renforçons les liens qui nous unissent dans l’univer…",
    "author": {
      "name": "Imen Ayari"
    },
    "stats": {
      "likes": 0,
      "retweets": 8,
      "replies": 0,
      "quotes": 0,
      "views": 0
    },
    "has_media": false,
    "is_retweet": true,
    "is_quote": false
  },
  {
    "id": "1721566910788112566",
    "type": "retweet",
    "date": "Mon Nov 06 16:35:11 +0000 2023",
    "text": "RT @patricebegay: Quand l’#innovation se met au service de la #tradition. L’art du tissage au service du tissage de l’art. Faire revivre l’…",
    "author": {
      "name": "Imen Ayari"
    },
    "stats": {
      "likes": 0,
      "retweets": 25,
      "replies": 0,
      "quotes": 0,
      "views": 0
    },
    "has_media": false,
    "is_retweet": true,
    "is_quote": false
  },
  {
    "id": "1645363605645164547",
    "type": "quote",
    "date": "Mon Apr 10 09:50:27 +0000 2023",
    "text": "\"Une intelligence plus rapide que notre imagination\" @mehdi_houas ✨",
    "author": {
      "name": "Imen Ayari"
    },
    "stats": {
      "likes": 1,
      "retweets": 0,
      "replies": 0,
      "quotes": 0,
      "views": 62
    },
    "has_media": false,
    "is_retweet": false,
    "is_quote": true
  },
  {
    "id": "1640967764918542338",
    "type": "retweet",
    "date": "Wed Mar 29 06:42:57 +0000 2023",
    "text": "RT @patricebegay: Talan l’expo en Tunisie, pour accompagner le développement de l’art contemporain et la révélation de jeunes talents. En r…",
    "author": {
      "name": "Imen Ayari"
    },
    "stats": {
      "likes": 0,
      "retweets": 14,
      "replies": 0,
      "quotes": 0,
      "views": 0
    },
    "has_media": false,
    "is_retweet": true,
    "is_quote": false
  },
  {
    "id": "1626121583415771136",
    "type": "retweet",
    "date": "Thu Feb 16 07:29:32 +0000 2023",
    "text": "RT @patricebegay: Très fier des 550 femmes et hommes de @talan_fr qui accompagnent près de 500 organisations d’Amérique du Nord dans leur t…",
    "author": {
      "name": "Imen Ayari"
    },
    "stats": {
      "likes": 0,
      "retweets": 15,
      "replies": 0,
      "quotes": 0,
      "views": 0
    },
    "has_media": false,
    "is_retweet": true,
    "is_quote": false
  },
  {
    "id": "1617686105285103619",
    "type": "retweet",
    "date": "Tue Jan 24 00:49:57 +0000 2023",
    "text": "RT @mehdi_houas: J’ai eu l’immense bonheur de rencontrer cette grande dame pour parler micro crédit en Afrique en général et en Tunisie en…",
    "author": {
      "name": "Imen Ayari"
    },
    "stats": {
      "likes": 0,
      "retweets": 1,
      "replies": 0,
      "quotes": 0,
      "views": 0
    },
    "has_media": false,
    "is_retweet": true,
    "is_quote": false
  },
  {
    "id": "1616364986204389377",
    "type": "retweet",
    "date": "Fri Jan 20 09:20:17 +0000 2023",
    "text": "RT @patricebegay: Toucher du doigt ce qui peut passer pour 1 rêve mais qui serait une réalité de demain. Le #metavers,1 monde numérique imm…",
    "author": {
      "name": "Imen Ayari"
    },
    "stats": {
      "likes": 0,
      "retweets": 18,
      "replies": 0,
      "quotes": 0,
      "views": 0
    },
    "has_media": false,
    "is_retweet": true,
    "is_quote": false
  },
  {
    "id": "1612399752871804931",
    "type": "retweet",
    "date": "Mon Jan 09 10:43:52 +0000 2023",
    "text": "RT @patricebegay: Les #femmes qui innovent sont elles mêmes leur propre challenge et façonnent notre avenir. Bel exemple @imennayari @talan…",
    "author": {
      "name": "Imen Ayari"
    },
    "stats": {
      "likes": 0,
      "retweets": 23,
      "replies": 0,
      "quotes": 0,
      "views": 0
    },
    "has_media": false,
    "is_retweet": true,
    "is_quote": false
  },
  {
    "id": "1611996201733492736",
    "type": "retweet",
    "date": "Sun Jan 08 08:00:18 +0000 2023",
    "text": "RT @TechCrunch: Meet Spot! @BostonDynamics’ agile mobile #robot that aims to automate sensing and inspection, capture limitless data, and e…",
    "author": {
      "name": "Imen Ayari"
    },
    "stats": {
      "likes": 0,
      "retweets": 42,
      "replies": 0,
      "quotes": 0,
      "views": 0
    },
    "has_media": false,
    "is_retweet": true,
    "is_quote": false
  },
  {
    "id": "1611994690936770561",
    "type": "retweet",
    "date": "Sun Jan 08 07:54:18 +0000 2023",
    "text": "RT @CES: Female empowerment is strong at #CES 2023 with @FemaleQuotient and the 350 women they took on a tour of the show floor! https://t.…",
    "author": {
      "name": "Imen Ayari"
    },
    "stats": {
      "likes": 0,
      "retweets": 56,
      "replies": 0,
      "quotes": 0,
      "views": 0
    },
    "has_media": false,
    "is_retweet": true,
    "is_quote": false
  },
  {
    "id": "1611994501136125953",
    "type": "retweet",
    "date": "Sun Jan 08 07:53:33 +0000 2023",
    "text": "RT @LanceUlanoff: Finally rode the Vegas Loop. Not Boring at all. #CES2023 https://t.co/pHL0WY4mS3",
    "author": {
      "name": "Imen Ayari"
    },
    "stats": {
      "likes": 0,
      "retweets": 98,
      "replies": 0,
      "quotes": 0,
      "views": 0
    },
    "has_media": true,
    "is_retweet": true,
    "is_quote": false
  },
  {
    "id": "1553433167142469632",
    "type": "retweet",
    "date": "Sat Jul 30 17:31:43 +0000 2022",
    "text": "RT @TykraTF: Hannibal Mejbri et Cristiano Ronaldo 😃 https://t.co/tSDnX1TGDW",
    "author": {
      "name": "Imen Ayari"
    },
    "stats": {
      "likes": 0,
      "retweets": 7,
      "replies": 0,
      "quotes": 0,
      "views": 0
    },
    "has_media": true,
    "is_retweet": true,
    "is_quote": false
  },
  {
    "id": "1542175037372891140",
    "type": "retweet",
    "date": "Wed Jun 29 15:55:55 +0000 2022",
    "text": "RT @Ons_Jabeur: Le compteur est lancé @TalanTunisie ! 💪 #TeamOJ https://t.co/JuOF6ovtYR",
    "author": {
      "name": "Imen Ayari"
    },
    "stats": {
      "likes": 0,
      "retweets": 74,
      "replies": 0,
      "quotes": 0,
      "views": 0
    },
    "has_media": true,
    "is_retweet": true,
    "is_quote": false
  },
  {
    "id": "1367040771728289794",
    "type": "original",
    "date": "Wed Mar 03 09:14:53 +0000 2021",
    "text": "#blockchain #regtech #AML #tunisia #Africa #butterfly_effect @talan_fr @TalanTunisie https://t.co/m5S2V0vRN1",
    "author": {
      "name": "Imen Ayari"
    },
    "stats": {
      "likes": 4,
      "retweets": 0,
      "replies": 0,
      "quotes": 0,
      "views": 0
    },
    "has_media": false,
    "is_retweet": false,
    "is_quote": false
  },
  {
    "id": "1258669170700541952",
    "type": "retweet",
    "date": "Fri May 08 08:04:49 +0000 2020",
    "text": "RT @syntecnumerique: 🕵️‍♀️#Act4New, c'est 30 idées retenues suite à la phase d'idéathon. A vous de jouer pour les rendre possible ! Rdv su…",
    "author": {
      "name": "Imen Ayari"
    },
    "stats": {
      "likes": 0,
      "retweets": 12,
      "replies": 0,
      "quotes": 0,
      "views": 0
    },
    "has_media": false,
    "is_retweet": true,
    "is_quote": false
  },
  {
    "id": "1257234366998159360",
    "type": "retweet",
    "date": "Mon May 04 09:03:26 +0000 2020",
    "text": "RT @syntecnumerique: ⚠ #Ideathon : The #digital to address global challenges of a post #COVID19 world ! You have ideas? You’d like to contr…",
    "author": {
      "name": "Imen Ayari"
    },
    "stats": {
      "likes": 0,
      "retweets": 9,
      "replies": 0,
      "quotes": 0,
      "views": 0
    },
    "has_media": false,
    "is_retweet": true,
    "is_quote": false
  },
  {
    "id": "1257234085908492288",
    "type": "retweet",
    "date": "Mon May 04 09:02:19 +0000 2020",
    "text": "RT @syntecnumerique: 👩‍💻Jusqu'à demain, participez à notre idéathon ! Si vous avez une ou des idées et que vous cherchez à développer une s…",
    "author": {
      "name": "Imen Ayari"
    },
    "stats": {
      "likes": 0,
      "retweets": 7,
      "replies": 0,
      "quotes": 0,
      "views": 0
    },
    "has_media": false,
    "is_retweet": true,
    "is_quote": false
  },
  {
    "id": "1255802462109405191",
    "type": "quote",
    "date": "Thu Apr 30 10:13:33 +0000 2020",
    "text": "You feel bored watching the curve? You want to mitigate the after lock-down and be free again? Go to https://t.co/PXpa5EdAGv and let's Act 4 new education, new behaviour, let's act 4 new LIFE &lt;3 @syntecnumerique @talan_fr #Act4New #déconfinement #MoreThanTech #TousMobilisés",
    "author": {
      "name": "Imen Ayari"
    },
    "stats": {
      "likes": 3,
      "retweets": 0,
      "replies": 0,
      "quotes": 0,
      "views": 0
    },
    "has_media": false,
    "is_retweet": false,
    "is_quote": true
  },
  {
    "id": "1255733306127245312",
    "type": "quote",
    "date": "Thu Apr 30 05:38:45 +0000 2020",
    "text": "Encore quelques jours pour commencer le déconfinement,... Encore quelques heures pour l'apprivoiser... Stay tuned 👊😉 @syntecnumerique @talan #déconfinement #MoreThanTech #TousMobilisés",
    "author": {
      "name": "Imen Ayari"
    },
    "stats": {
      "likes": 1,
      "retweets": 0,
      "replies": 0,
      "quotes": 0,
      "views": 0
    },
    "has_media": false,
    "is_retweet": false,
    "is_quote": true
  },
  {
    "id": "1249302278370217984",
    "type": "original",
    "date": "Sun Apr 12 11:44:08 +0000 2020",
    "text": "If you're thinking about where to spend your next holidays and to celebrate your new life after Covid-19, take a look to this paradise on earth #Tunisia #lifeaftercovid_19 https://t.co/xkOKJX1Kx3",
    "author": {
      "name": "Imen Ayari"
    },
    "stats": {
      "likes": 0,
      "retweets": 1,
      "replies": 0,
      "quotes": 0,
      "views": 0
    },
    "has_media": false,
    "is_retweet": false,
    "is_quote": false
  }
]